{"Bray_PDF\\7000-8000-Part-Number-Selection-Guide.pdf": 1755391331.0716767, "Bray_PDF\\B_1055_EN_McCannalok_Metal_2pg.pdf": 1755391336.574371, "Bray_PDF\\B_1062_TriLokOwnership.pdf": 1755391322.098016, "Bray_PDF\\EN-IOM-2806-M4-Severe-Service.pdf": 1755391343.879516, "Bray_PDF\\en_b-1050_rsb_valves_web.pdf": 1755391353.1961381, "Bray_PDF\\EN_BII_I-5000_Product_Profile_WEB.pdf": 1755391316.6127279, "Bray_PDF\\EN_TB-1005_Act-SelectGuide-Ball-Valves.pdf": 1755391296.3346117, "Bray_PDF\\en_tsm_2cx.pdf": 1755391327.0008302, "Bray_PDF\\F-2600_EN_VC.pdf": 1755391348.5807786, "Bray_PDF\\series-35f-weights-dimensions.pdf": 1755391311.3547492}